feature,label,type,chi2,p_value,effect,effect_measure,direction,significant_bonferroni
tenure_months,Tenure (months),numeric,,2.419635517951866e-208,0.4797343510572577,rank-biserial |r|,lower for churners,True
contract,Contract,categorical,1184.5965720837926,5.863038300673391e-258,0.4101156965761409,Cramer's V,,True
online_security,Online security,categorical,849.9989679615965,2.661149635176552e-185,0.3474004326740552,Cramer's V,,True
tech_support,Tech support,categorical,828.1970684587394,1.4430840279998987e-180,0.3429161982469257,Cramer's V,,True
internet_service,Internet service,categorical,732.309589667794,9.571788222840544e-160,0.32245455521230887,Cramer's V,,True
payment_method,Payment method,categorical,648.1423274814,3.6823546520097993e-140,0.30335862555407056,Cramer's V,,True
total_charges,Total charges,numeric,,5.685033866207314e-83,0.3006924568101238,rank-biserial |r|,lower for churners,True
online_backup,Online backup,categorical,601.812790113409,2.0797592160864276e-131,0.2923155121954445,Cramer's V,,True
device_protection,Device protection,categorical,558.419369407389,5.505219496457244e-122,0.281579732968073,Cramer's V,,True
monthly_charges,Monthly charges,numeric,,3.311627651988585e-54,0.24157137914125104,rank-biserial |r|,higher for churners,True
streaming_movies,Streaming movies,categorical,375.6614793452656,2.667756755723681e-82,0.23095080906926801,Cramer's V,,True
streaming_tv,Streaming TV,categorical,374.2039433109813,5.528994485739183e-82,0.2305023384466809,Cramer's V,,True
paperless_billing,Paperless billing,categorical,259.1609742710177,2.6145974237873335e-58,0.1918253316664679,Cramer's V,,True
has_dependents,Has dependents,categorical,189.94033391334852,3.2760828093975594e-43,0.16422140157972526,Cramer's V,,True
is_senior,Senior citizen,categorical,160.35213184520632,9.477903507376051e-37,0.1508893281764731,Cramer's V,,True
has_partner,Has partner,categorical,159.41452843242658,1.5190366200997138e-36,0.15044754495917653,Cramer's V,,True
multiple_lines,Multiple lines,categorical,11.33044148319756,0.0034643829548773003,0.04010925283378871,Cramer's V,,False
has_phone,Phone service,categorical,1.0044084772333213,0.31624613157395115,0.011941980029003072,Cramer's V,,False
gender,Gender,categorical,0.522366503358827,0.46983394114265187,0.008612095078997826,Cramer's V,,False
