decile,n,churners,rate,p,cum_capture,lift
1,177,131,0.7401129943502824,0.7257420304792157,0.28051391862955033,2.79087576670417
2,177,105,0.5932203389830508,0.5908404713744084,0.5053533190578159,2.2369614923964725
3,177,75,0.423728813559322,0.4691343853805601,0.6659528907922913,1.5978296374260517
4,177,59,0.3333333333333333,0.33929971351426297,0.7922912205567452,1.2569593147751605
5,177,41,0.23163841807909605,0.22405190017330293,0.880085653104925,0.8734802017929083
6,177,25,0.14124293785310735,0.1451321644842541,0.9336188436830836,0.5326098791420173
7,177,22,0.12429378531073447,0.08255833821048507,0.9807280513918629,0.4686966936449752
8,177,5,0.02824858757062147,0.04331642722233314,0.9914346895074947,0.10652197582840345
9,177,3,0.01694915254237288,0.018869028909205946,0.9978586723768736,0.06391318549704207
10,168,1,0.005952380952380952,0.005400027936218887,1.0,0.02244570204955644
