segment,customers,churned,mrr,mrr_lost,churn_rate,ci_low,ci_high,dimension
Month-to-month,3875,1655,257294.15,120847.1,0.4270967741935484,0.4116019532373783,0.4427359963802429,contract
One year,1473,166,95816.6,14118.45,0.11269517990495587,0.09754355753104996,0.12986166380453906,contract
Two year,1695,48,103005.85,4165.3,0.02831858407079646,0.02142533413217164,0.03734498743156174,contract
00-12 months,2186,1037,122629.75,68954.25,0.47438243366880145,0.4535131370713928,0.4953416078468463,tenure_band
13-24 months,1024,294,62829.85,23081.65,0.287109375,0.2602356297254319,0.31557443683848196,tenure_band
25-48 months,1594,325,105093.3,27462.5,0.2038895859473024,0.1848341863069345,0.22436877635950525,tenure_band
49-72 months,2239,213,165563.7,19632.45,0.09513175524787852,0.08366302267682105,0.10798737558481472,tenure_band
DSL,2421,459,140665.35,22529.2,0.1895910780669145,0.17447354300159237,0.20569211915638871,internet_service
Fiber optic,3096,1297,283284.4,114300.05,0.4189276485788114,0.40165930022138335,0.43639693372840666,internet_service
No,1526,113,32166.85,2301.6,0.07404980340760157,0.06195443778374668,0.08828430590795033,internet_service
Bank transfer (automatic),1544,258,103745.45,20091.9,0.16709844559585493,0.14932106299335557,0.18652822948958592,payment_method
Credit card (automatic),1522,232,101231.85,17946.6,0.15243101182654403,0.13524977657358542,0.1713623266145686,payment_method
Electronic check,2365,1071,180345.0,84288.75,0.4528541226215645,0.43288521171075106,0.4729759428339611,payment_method
Mailed check,1612,308,70794.3,16803.6,0.19106699751861042,0.17261845344358442,0.210984439920149,payment_method
1. under $35,1731,188,38077.15,4423.05,0.10860774119006354,0.09480735975184865,0.12414144210518199,charges_band
2. $35-70,1721,407,94177.15,21726.8,0.23649041255084252,0.21701532196603174,0.2571392472196297,charges_band
3. $70-90,1847,701,147740.8,55926.9,0.3795343800757986,0.35767507411119703,0.401893743693683,charges_band
4. $90+,1744,573,176121.5,57054.1,0.32855504587155965,0.3069091848655733,0.3509545206884287,charges_band
No,3473,1446,259039.55,110709.8,0.4163547365390153,0.40006131059360706,0.43283299681692733,tech_support
No internet service,1526,113,32166.85,2301.6,0.07404980340760157,0.06195443778374668,0.08828430590795033,tech_support
Yes,2044,310,164910.2,26119.45,0.15166340508806261,0.136767628085992,0.16786604173918604,tech_support
No,3498,1461,264774.35,112762.75,0.4176672384219554,0.4014230010371602,0.4340921110050686,online_security
No internet service,1526,113,32166.85,2301.6,0.07404980340760157,0.06195443778374668,0.08828430590795033,online_security
Yes,2019,295,159175.4,24066.5,0.14611193660227836,0.13137677353121305,0.16219119554081726,online_security
No,3088,1233,222144.55,91873.85,0.39928756476683935,0.38214926466734017,0.4166761252227203,online_backup
No internet service,1526,113,32166.85,2301.6,0.07404980340760157,0.06195443778374668,0.08828430590795033,online_backup
Yes,2429,523,201805.2,44955.4,0.21531494442157267,0.1994249016723938,0.23210402308113243,online_backup
No,3095,1211,218510.25,88752.25,0.3912762520193861,0.3742274511176783,0.40859461030649047,device_protection
No internet service,1526,113,32166.85,2301.6,0.07404980340760157,0.06195443778374668,0.08828430590795033,device_protection
Yes,2422,545,205439.5,48077.0,0.2250206440957886,0.20883260063035944,0.24207957866451393,device_protection
No,2810,942,183739.4,63164.4,0.33523131672597867,0.3180124245549669,0.3529000935980301,streaming_tv
No internet service,1526,113,32166.85,2301.6,0.07404980340760157,0.06195443778374668,0.08828430590795033,streaming_tv
Yes,2707,814,240210.35,73664.85,0.30070188400443293,0.28371982788840805,0.31824877987023187,streaming_tv
No,2785,938,182234.1,63263.55,0.33680430879712747,0.3194870039813821,0.35457119781242474,streaming_movies
No internet service,1526,113,32166.85,2301.6,0.07404980340760157,0.06195443778374668,0.08828430590795033,streaming_movies
Yes,2732,818,241715.65,73565.7,0.29941434846266474,0.2825316192064364,0.31686037170504017,streaming_movies
False,2872,469,149323.8,29620.85,0.1633008356545961,0.15023344126102844,0.17726773441467042,paperless_billing
True,4171,1400,306792.8,109510.0,0.33565092304003835,0.3214771559562889,0.350127140033605,paperless_billing
False,5901,1393,364961.75,100711.25,0.23606168446026096,0.22540059971661536,0.24706618508642259,is_senior
True,1142,476,91154.85,38419.6,0.4168126094570928,0.3885431454779244,0.44563984856773625,is_senior
False,3641,1200,225541.75,85741.15,0.32957978577313923,0.3144980585877583,0.3450207396862463,has_partner
True,3402,669,230574.85,53389.7,0.1966490299823633,0.183638235413106,0.21034412549376955,has_partner
False,4933,1543,330524.85,115376.5,0.3127914048246503,0.30000337685863687,0.3258707745788272,has_dependents
True,2110,326,125591.75,23754.35,0.15450236966824646,0.1397098272878155,0.17055064947782905,has_dependents
No,3390,849,183721.25,57039.6,0.2504424778761062,0.23614552726183655,0.26530437234898874,multiple_lines
No phone service,682,170,28663.5,6380.75,0.24926686217008798,0.21826568241523392,0.2830767989972054,multiple_lines
Yes,2971,850,243731.85,75710.5,0.286098956580276,0.27013254863296193,0.3026177919838931,multiple_lines
False,682,170,28663.5,6380.75,0.24926686217008798,0.21826568241523392,0.2830767989972054,has_phone
True,6361,1699,427453.1,132750.1,0.2670963684955196,0.256366473090223,0.27810739885614943,has_phone
Female,3488,939,227432.4,70248.55,0.26920871559633025,0.25474875063294894,0.28417647865173096,gender
Male,3555,930,228684.2,68882.3,0.2616033755274262,0.2474186405748546,0.27630276718864877,gender
