charge_decile,customers,min_charge,max_charge,churn_rate,mrr_lost
1,705,18.25,20.05,0.08652482269503546,1196.9499999999998
2,705,20.05,25.05,0.09645390070921986,1492.9499999999998
3,705,25.05,45.85,0.2524822695035461,6804.250000000002
4,704,45.9,58.85,0.24431818181818182,8935.249999999998
5,704,58.9,70.35,0.2159090909090909,10245.699999999993
6,704,70.35,79.1,0.3806818181818182,20013.399999999998
7,704,79.1,85.5,0.3778409090909091,21864.64999999999
8,704,85.5,94.25,0.34375,21747.89999999998
9,704,94.3,102.6,0.4090909090909091,28242.799999999992
10,704,102.65,118.75,0.2471590909090909,18587.0
