dimension,segment,customers,churned,churn_rate,mrr,mrr_lost,share_of_mrr_lost,rank_in_dimension
charges_band,3. $70-90,1847,701.0,0.3795343800757986,147740.80000000008,55926.90000000005,0.40197339411065225,1
charges_band,4. $90+,1744,573.0,0.32855504587155965,176121.49999999977,57054.09999999996,0.4100751199320636,2
charges_band,2. $35-70,1721,407.0,0.23649041255084252,94177.14999999994,21726.80000000002,0.15616090895728743,3
charges_band,1. under $35,1731,188.0,0.10860774119006354,38077.15000000002,4423.049999999999,0.03179057699999675,4
contract,Month-to-month,3875,1655.0,0.4270967741935484,257294.14999999892,120847.09999999998,0.8685859390638381,1
contract,One year,1473,166.0,0.11269517990495587,95816.59999999986,14118.45,0.1014760565323938,2
contract,Two year,1695,48.0,0.02831858407079646,103005.84999999995,4165.299999999999,0.029938004403768106,3
internet_service,Fiber optic,3096,1297.0,0.4189276485788114,283284.3999999992,114300.04999999997,0.82152915762392,1
internet_service,DSL,2421,459.0,0.1895910780669145,140665.34999999971,22529.20000000002,0.1619281417457021,2
internet_service,No,1526,113.0,0.07404980340760157,32166.85000000001,2301.6,0.016542700630377806,3
n_addons,1,966,442.0,0.4575569358178054,63344.7500000001,30805.550000000017,0.22141422984190792,1
n_addons,2,1033,370.0,0.35818005808325265,74807.25,29476.199999999968,0.21185955523163963,2
n_addons,3,1118,306.0,0.2737030411449016,89563.55000000009,27134.800000000003,0.1950307929549773,3
n_addons,4,852,190.0,0.22300469483568075,74781.35000000005,18364.300000000003,0.13199301233335384,4
n_addons,0,2219,475.0,0.21406038756196485,72767.4500000001,24516.850000000006,0.17621433348534854,5
n_addons,5,571,71.0,0.1243432574430823,52632.499999999985,7169.549999999999,0.05153098683721115,6
n_addons,6,284,15.0,0.0528169014084507,28219.74999999999,1663.6000000000001,0.011957089315561574,7
online_security,No,3498,1461.0,0.4176672384219554,264774.34999999957,112762.75000000006,0.8104798468492069,1
online_security,Yes,2019,295.0,0.14611193660227836,159175.39999999976,24066.50000000002,0.17297745252041516,2
online_security,No internet service,1526,113.0,0.07404980340760157,32166.85000000001,2301.6,0.016542700630377796,3
paperless_billing,Yes,4171,1400.0,0.33565092304003835,306792.79999999946,109509.99999999994,0.7871007759961215,1
paperless_billing,No,2872,469.0,0.1633008356545961,149323.79999999993,29620.85,0.21289922400387842,2
payment_method,Electronic check,2365,1071.0,0.4528541226215645,180345.00000000003,84288.75000000007,0.6058235826202457,1
payment_method,Mailed check,1612,308.0,0.19106699751861042,70794.30000000006,16803.600000000002,0.12077551456057367,2
payment_method,Bank transfer (automatic),1544,258.0,0.16709844559585493,103745.4499999999,20091.900000000012,0.14441010027610698,3
payment_method,Credit card (automatic),1522,232.0,0.15243101182654403,101231.84999999986,17946.600000000006,0.12899080254307363,4
senior_citizen,Yes,1142,476.0,0.4168126094570928,91154.8500000001,38419.59999999999,0.2761400508945358,1
senior_citizen,No,5901,1393.0,0.23606168446026096,364961.74999999994,100711.24999999985,0.723859949105464,2
tech_support,No,3473,1446.0,0.4163547365390153,259039.54999999952,110709.79999999993,0.7957243127602539,1
tech_support,Yes,2044,310.0,0.15166340508806261,164910.1999999997,26119.450000000004,0.18773298660936819,2
tech_support,No internet service,1526,113.0,0.07404980340760157,32166.85000000001,2301.6,0.016542700630377813,3
tenure_band,00-12 months,2186,1037.0,0.47438243366880145,122629.7499999999,68954.24999999999,0.4956071927972839,1
tenure_band,13-24 months,1024,294.0,0.287109375,62829.85000000008,23081.65,0.16589886427057696,2
tenure_band,25-48 months,1594,325.0,0.2038895859473024,105093.3,27462.50000000001,0.19738612967576932,3
tenure_band,49-72 months,2239,213.0,0.09513175524787852,165563.7,19632.45,0.1411078132563698,4
