contract,internet_service,tenure_band,customers,churned,churn_rate,mrr_lost,mrr_active,loss_rank,cumulative_share_of_loss
Month-to-month,Fiber optic,00-12 months,916,643.0,0.7019650655021834,53178.29999999999,22004.849999999977,1,0.3822178905684827
Month-to-month,Fiber optic,25-48 months,521,226.0,0.43378119001919385,20762.049999999992,26773.400000000005,2,0.5314446795947841
Month-to-month,Fiber optic,13-24 months,425,215.0,0.5058823529411764,19046.89999999999,18158.199999999997,3,0.6683438647862783
Month-to-month,DSL,00-12 months,690,293.0,0.4246376811594203,13351.899999999998,19687.80000000001,4,0.7643103596362701
Month-to-month,Fiber optic,49-72 months,266,78.0,0.2932330827067669,7494.750000000002,17762.649999999987,5,0.8181787144978986
One year,Fiber optic,49-72 months,355,67.0,0.18873239436619718,6926.199999999998,28747.300000000014,6,0.8679606284299992
One year,Fiber optic,25-48 months,154,31.0,0.2012987012987013,3039.1000000000004,11751.649999999994,7,0.8898040944909053
Two year,Fiber optic,49-72 months,393,28.0,0.07124681933842239,2965.5499999999997,38231.60000000002,8,0.9111189215044684
Month-to-month,DSL,13-24 months,232,55.0,0.23706896551724138,2765.4000000000005,9456.5,9,0.9309951746862752
Month-to-month,No,00-12 months,388,88.0,0.2268041237113402,1771.2500000000002,6092.399999999997,10,0.9437259960677302
