t,n,events,at_risk,hazard,survival
0,11,0.0,7043.0,0.0,1.0
1,613,380.0,7032.0,0.0540386803185438,0.9459613196814562
2,238,123.0,6419.0,0.019161863218569872,0.9278349382636624
3,200,94.0,6181.0,0.01520789516259505,0.9137245217943558
4,176,83.0,5981.0,0.013877278047149307,0.901044512546917
5,133,64.0,5805.0,0.011024978466838932,0.8911105161984237
6,110,40.0,5672.0,0.007052186177715092,0.8848262389332727
7,131,51.0,5562.0,0.009169363538295576,0.8767129454802708
8,123,42.0,5431.0,0.007733382434174185,0.8699329889878805
9,119,46.0,5308.0,0.008666164280331574,0.8623940067924316
10,116,45.0,5189.0,0.008672191173636538,0.8549151610985293
11,99,31.0,5073.0,0.006110782574413562,0.8496909604294864
12,117,38.0,4974.0,0.007639726578206675,0.8431995538158313
13,109,38.0,4857.0,0.007823759522338892,0.8366025632774328
14,76,24.0,4748.0,0.005054759898904802,0.8323737381892571
15,99,37.0,4672.0,0.007919520547945206,0.8257817372660973
16,80,28.0,4573.0,0.006122895254756178,0.8207255621855264
17,87,26.0,4493.0,0.005786779434676163,0.8159762043807581
18,97,24.0,4406.0,0.005447117566954153,0.8115314860636591
19,73,19.0,4309.0,0.004409375725226271,0.8079531388287532
20,71,18.0,4236.0,0.00424929178470255,0.8045199101935036
21,63,17.0,4165.0,0.004081632653061225,0.8012361554580198
22,90,27.0,4102.0,0.006582155046318869,0.7959622948540787
23,85,13.0,4012.0,0.0032402791625124627,0.7933831548159174
24,94,23.0,3927.0,0.005856888209829387,0.7887363983705988
25,79,23.0,3833.0,0.006000521784503,0.7840035684299456
26,79,15.0,3754.0,0.003995737879595098,0.7808708956738323
27,72,13.0,3675.0,0.0035374149659863946,0.7781086312809725
28,57,12.0,3603.0,0.0033305578684429643,0.7755170954565563
29,72,15.0,3546.0,0.004230118443316413,0.7722365662879583
30,72,16.0,3474.0,0.004605641911341394,0.7686799211927922
31,65,16.0,3402.0,0.004703115814226925,0.7650647304993516
32,69,19.0,3337.0,0.005693736889421637,0.7607086532205121
33,64,14.0,3268.0,0.004283965728274173,0.7574498034209138
34,65,12.0,3204.0,0.003745318352059925,0.7546129127713973
35,88,15.0,3139.0,0.004778591908251036,0.7510069256125661
36,50,10.0,3051.0,0.0032776138970829235,0.7485454148763728
37,65,15.0,3001.0,0.004998333888703766,0.7448039349619625
38,59,13.0,2936.0,0.0044277929155313355,0.7415060973752781
39,56,14.0,2877.0,0.004866180048661801,0.7378977951982694
40,64,13.0,2821.0,0.004608294930875576,0.7344973445291529
41,70,14.0,2757.0,0.005077983315197679,0.7307675792685769
42,65,14.0,2687.0,0.005210271678451805,0.726960081646783
43,65,15.0,2622.0,0.005720823798627002,0.7228012711110463
44,51,6.0,2557.0,0.0023464998044583495,0.7211052180697219
45,61,6.0,2506.0,0.0023942537909018356,0.7193787091677194
46,74,12.0,2445.0,0.0049079754601227,0.7158480161165895
47,68,14.0,2371.0,0.005904681568958245,0.7116211615296506
48,64,9.0,2303.0,0.0039079461571862786,0.7088401843460783
49,66,15.0,2239.0,0.006699419383653417,0.7040913666751578
50,68,10.0,2173.0,0.004601932811780948,0.7008511855123638
51,68,8.0,2105.0,0.003800475059382423,0.6981876180614854
52,80,8.0,2037.0,0.0039273441335297005,0.6954455950155886
53,70,14.0,1957.0,0.007153806847215125,0.6904705115561004
54,68,13.0,1887.0,0.00688924218335983,0.6857136929815221
55,64,9.0,1819.0,0.004947773501924134,0.6823209369414815
56,80,10.0,1755.0,0.005698005698005698,0.6784330683549205
57,65,8.0,1675.0,0.004776119402985075,0.6751927910135238
58,67,11.0,1610.0,0.0068322981366459624,0.6705796725656054
59,60,8.0,1543.0,0.005184705119896306,0.6671029147039561
60,76,6.0,1483.0,0.004045853000674309,0.6644039143747426
61,76,8.0,1407.0,0.005685856432125089,0.6606262091046659
62,70,5.0,1331.0,0.003756574004507889,0.6581445178608466
63,72,4.0,1261.0,0.0031720856463124504,0.656056827082541
64,80,4.0,1189.0,0.00336417157275021,0.6538497393547612
65,76,9.0,1109.0,0.008115419296663661,0.648543474562883
66,89,13.0,1033.0,0.012584704743465635,0.6403817464222078
67,98,10.0,944.0,0.01059322033898305,0.6335980414812946
68,100,9.0,846.0,0.010638297872340425,0.6268576367846851
69,95,8.0,746.0,0.010723860589812333,0.6201353028781469
70,119,11.0,651.0,0.016897081413210446,0.6096568261782089
71,170,6.0,532.0,0.011278195488721804,0.6027809973115374
72,362,6.0,362.0,0.016574585635359115,0.5927901520522302
